termen	pagina
foaie de pontaj lunar	/unelte/foaie-de-pontaj
foaie de pontaj lunar pdf	/unelte/foaie-de-pontaj
foaie de pontaj lunar word	/unelte/foaie-de-pontaj
foaie de pontaj lunar excel	/unelte/foaie-de-pontaj
foaie colectiva de pontaj	/unelte/foaie-de-pontaj
condica de prezenta model	/unelte/condica-de-prezenta
condica de prezenta model word	/unelte/condica-de-prezenta
condica de prezenta este obligatorie	/unelte/condica-de-prezenta
cerere concediu de odihna	/unelte/cerere-concediu-de-odihna
cerere concediu de odihna word	/unelte/cerere-concediu-de-odihna
cerere concediu fara plata model	/unelte/cerere-concediu-de-odihna
foaie de parcurs model	/unelte/foaie-de-parcurs
foaie de parcurs pdf	/unelte/foaie-de-parcurs
fisa instruire ssm model	/unelte/fisa-instruire-ssm
fisa ssm completata	/unelte/fisa-instruire-ssm
fisa evaluare angajati model	/unelte/fisa-evaluare
evaluare angajati codul muncii	/unelte/fisa-evaluare
diurna externa 2026	/ghid/diurna-externa
diurna externa germania 2026	/ghid/diurna-externa
diurna externa bulgaria 2026	/ghid/diurna-externa
ore suplimentare codul muncii	/ghid/ore-suplimentare
cate ore suplimentare ai voie pe luna	/ghid/ore-suplimentare
spor de noapte codul muncii	/ghid/spor-de-noapte
spor de noapte calcul	/ghid/spor-de-noapte
zile concediu de odihna	/ghid/concediu-de-odihna
cate zile de concediu ai pe luna	/ghid/concediu-de-odihna
concediu de odihna neefectuat	/ghid/concediu-de-odihna
registru salariati reges online	/reges-online
calcul salariu net	/unelte/calculator-salariu
calcul salariu brut	/unelte/calculator-salariu
calcul salariu brut din net	/unelte/calculator-salariu
salariu minim pe economie 2026	/unelte/calculator-salariu
program salarizare	/module/salarizare
program salarii	/module/salarizare
aplicatie pontaj angajati	/pontaj-pe-telefon
program pontaj angajati	/module/pontaj
